edge_id,layer,u,v,key,length_m,mode,speed_mps,travel_time_s,edge_type,properties
metro_0,1,metro_116,metro_126,0,2821.6294585064093,metro,16.67,169.26391472743904,metro_segment,"{""line"": ""Pink"", ""frequency_min"": 6, ""from_station"": ""Vinobapuri"", ""to_station"": ""South Extension"", ""real_data"": true}"
metro_1,1,metro_126,metro_116,0,2821.6294585064093,metro,16.67,169.26391472743904,metro_segment,"{""line"": ""Pink"", ""frequency_min"": 6, ""from_station"": ""Vinobapuri"", ""to_station"": ""South Extension"", ""real_data"": true}"
metro_2,1,metro_126,metro_123,0,3198.587718532843,metro,16.67,191.8768877344237,metro_segment,"{""line"": ""Pink"", ""frequency_min"": 6, ""from_station"": ""South Extension"", ""to_station"": ""Bhikaji Cama Place"", ""real_data"": true}"
metro_3,1,metro_123,metro_126,0,3198.587718532843,metro,16.67,191.8768877344237,metro_segment,"{""line"": ""Pink"", ""frequency_min"": 6, ""from_station"": ""South Extension"", ""to_station"": ""Bhikaji Cama Place"", ""real_data"": true}"
metro_4,1,metro_120,metro_58,0,1613.6276928923273,metro,16.67,96.798301913157,metro_segment,"{""line"": ""Pink"", ""frequency_min"": 6, ""from_station"": ""Ashram"", ""to_station"": ""Lajpat Nagar"", ""real_data"": true}"
metro_5,1,metro_58,metro_120,0,1613.6276928923273,metro,16.67,96.798301913157,metro_segment,"{""line"": ""Pink"", ""frequency_min"": 6, ""from_station"": ""Ashram"", ""to_station"": ""Lajpat Nagar"", ""real_data"": true}"
metro_6,1,metro_58,metro_61,0,4664.823993514231,metro,16.67,279.8334729162706,metro_segment,"{""line"": ""Pink"", ""frequency_min"": 6, ""from_station"": ""Lajpat Nagar"", ""to_station"": ""Sarojini Nagar"", ""real_data"": true}"
metro_7,1,metro_61,metro_58,0,4664.823993514231,metro,16.67,279.8334729162706,metro_segment,"{""line"": ""Pink"", ""frequency_min"": 6, ""from_station"": ""Lajpat Nagar"", ""to_station"": ""Sarojini Nagar"", ""real_data"": true}"
metro_8,1,metro_61,metro_233,0,2776.657872253757,metro,16.67,166.56615910340471,metro_segment,"{""line"": ""Pink"", ""frequency_min"": 6, ""from_station"": ""Sarojini Nagar"", ""to_station"": ""Durgabai Deshmukh South Campus"", ""real_data"": true}"
metro_9,1,metro_233,metro_61,0,2776.657872253757,metro,16.67,166.56615910340471,metro_segment,"{""line"": ""Pink"", ""frequency_min"": 6, ""from_station"": ""Sarojini Nagar"", ""to_station"": ""Durgabai Deshmukh South Campus"", ""real_data"": true}"
metro_10,1,metro_91,metro_1,0,2025.1147385132758,metro,16.67,121.48258779323788,metro_segment,"{""line"": ""Pink"", ""frequency_min"": 6, ""from_station"": ""IP Extension"", ""to_station"": ""Anand Vihar"", ""real_data"": true}"
metro_11,1,metro_1,metro_91,0,2025.1147385132758,metro,16.67,121.48258779323788,metro_segment,"{""line"": ""Pink"", ""frequency_min"": 6, ""from_station"": ""IP Extension"", ""to_station"": ""Anand Vihar"", ""real_data"": true}"
metro_12,1,metro_1,metro_92,0,1873.8446485468671,metro,16.67,112.40819727335735,metro_segment,"{""line"": ""Pink"", ""frequency_min"": 6, ""from_station"": ""Anand Vihar"", ""to_station"": ""Karkarduma Court"", ""real_data"": true}"
metro_13,1,metro_92,metro_1,0,1873.8446485468671,metro,16.67,112.40819727335735,metro_segment,"{""line"": ""Pink"", ""frequency_min"": 6, ""from_station"": ""Anand Vihar"", ""to_station"": ""Karkarduma Court"", ""real_data"": true}"
metro_14,1,metro_92,metro_113,0,724.7539373566095,metro,16.67,43.476540933209925,metro_segment,"{""line"": ""Pink"", ""frequency_min"": 6, ""from_station"": ""Karkarduma Court"", ""to_station"": ""Krishna Nagar"", ""real_data"": true}"
metro_15,1,metro_113,metro_92,0,724.7539373566095,metro,16.67,43.476540933209925,metro_segment,"{""line"": ""Pink"", ""frequency_min"": 6, ""from_station"": ""Karkarduma Court"", ""to_station"": ""Krishna Nagar"", ""real_data"": true}"
metro_16,1,metro_113,metro_112,0,920.6340983332345,metro,16.67,55.22700049989409,metro_segment,"{""line"": ""Pink"", ""frequency_min"": 6, ""from_station"": ""Krishna Nagar"", ""to_station"": ""East Azad Nagar"", ""real_data"": true}"
metro_17,1,metro_112,metro_113,0,920.6340983332345,metro,16.67,55.22700049989409,metro_segment,"{""line"": ""Pink"", ""frequency_min"": 6, ""from_station"": ""Krishna Nagar"", ""to_station"": ""East Azad Nagar"", ""real_data"": true}"
metro_18,1,metro_139,metro_138,0,2371.269392447497,metro,16.67,142.247714004049,metro_segment,"{""line"": ""Pink"", ""frequency_min"": 6, ""from_station"": ""Shakurpur"", ""to_station"": ""Shalimar Bagh"", ""real_data"": true}"
metro_19,1,metro_138,metro_139,0,2371.269392447497,metro,16.67,142.247714004049,metro_segment,"{""line"": ""Pink"", ""frequency_min"": 6, ""from_station"": ""Shakurpur"", ""to_station"": ""Shalimar Bagh"", ""real_data"": true}"
metro_20,1,metro_108,metro_107,0,2127.2334857400974,metro,16.67,127.60848744691644,metro_segment,"{""line"": ""Pink"", ""frequency_min"": 6, ""from_station"": ""Gokulpuri"", ""to_station"": ""Shiv Vihar"", ""real_data"": true}"
metro_21,1,metro_107,metro_108,0,2127.2334857400974,metro,16.67,127.60848744691644,metro_segment,"{""line"": ""Pink"", ""frequency_min"": 6, ""from_station"": ""Gokulpuri"", ""to_station"": ""Shiv Vihar"", ""real_data"": true}"
metro_22,1,metro_5,metro_4,0,831.7998681979,metro,16.67,49.898012489376114,metro_segment,"{""line"": ""Red"", ""frequency_min"": 5, ""from_station"": ""Pul Bangash"", ""to_station"": ""Pratap Nagar"", ""real_data"": true}"
metro_23,1,metro_4,metro_5,0,831.7998681979,metro,16.67,49.898012489376114,metro_segment,"{""line"": ""Red"", ""frequency_min"": 5, ""from_station"": ""Pul Bangash"", ""to_station"": ""Pratap Nagar"", ""real_data"": true}"
metro_24,1,metro_4,metro_19,0,1730.8467464554944,metro,16.67,103.83003877957374,metro_segment,"{""line"": ""Red"", ""frequency_min"": 5, ""from_station"": ""Pratap Nagar"", ""to_station"": ""Tis Hazari"", ""real_data"": true}"
metro_25,1,metro_19,metro_4,0,1730.8467464554944,metro,16.67,103.83003877957374,metro_segment,"{""line"": ""Red"", ""frequency_min"": 5, ""from_station"": ""Pratap Nagar"", ""to_station"": ""Tis Hazari"", ""real_data"": true}"
metro_26,1,metro_19,metro_28,0,3408.011330578079,metro,16.67,204.43979187630947,metro_segment,"{""line"": ""Red"", ""frequency_min"": 5, ""from_station"": ""Tis Hazari"", ""to_station"": ""Shastri Nagar"", ""real_data"": true}"
metro_27,1,metro_28,metro_19,0,3408.011330578079,metro,16.67,204.43979187630947,metro_segment,"{""line"": ""Red"", ""frequency_min"": 5, ""from_station"": ""Tis Hazari"", ""to_station"": ""Shastri Nagar"", ""real_data"": true}"
metro_28,1,metro_28,metro_30,0,2157.3504532616166,metro,16.67,129.4151441668636,metro_segment,"{""line"": ""Red"", ""frequency_min"": 5, ""from_station"": ""Shastri Nagar"", ""to_station"": ""Kanhaiya Nagar"", ""real_data"": true}"
metro_29,1,metro_30,metro_28,0,2157.3504532616166,metro,16.67,129.4151441668636,metro_segment,"{""line"": ""Red"", ""frequency_min"": 5, ""from_station"": ""Shastri Nagar"", ""to_station"": ""Kanhaiya Nagar"", ""real_data"": true}"
metro_30,1,metro_30,metro_31,0,785.0480178618113,metro,16.67,47.093462379232825,metro_segment,"{""line"": ""Red"", ""frequency_min"": 5, ""from_station"": ""Kanhaiya Nagar"", ""to_station"": ""Keshav Puram"", ""real_data"": true}"
metro_31,1,metro_31,metro_30,0,785.0480178618113,metro,16.67,47.093462379232825,metro_segment,"{""line"": ""Red"", ""frequency_min"": 5, ""from_station"": ""Kanhaiya Nagar"", ""to_station"": ""Keshav Puram"", ""real_data"": true}"
metro_32,1,metro_31,metro_7,0,2297.9879146635985,metro,16.67,137.8517045389081,metro_segment,"{""line"": ""Red"", ""frequency_min"": 5, ""from_station"": ""Keshav Puram"", ""to_station"": ""Kohat Enclave"", ""real_data"": true}"
metro_33,1,metro_7,metro_31,0,2297.9879146635985,metro,16.67,137.8517045389081,metro_segment,"{""line"": ""Red"", ""frequency_min"": 5, ""from_station"": ""Keshav Puram"", ""to_station"": ""Kohat Enclave"", ""real_data"": true}"
metro_34,1,metro_7,metro_33,0,995.6863137026219,metro,16.67,59.72923297556219,metro_segment,"{""line"": ""Red"", ""frequency_min"": 5, ""from_station"": ""Kohat Enclave"", ""to_station"": ""Pitam Pura"", ""real_data"": true}"
metro_35,1,metro_33,metro_7,0,995.6863137026219,metro,16.67,59.72923297556219,metro_segment,"{""line"": ""Red"", ""frequency_min"": 5, ""from_station"": ""Kohat Enclave"", ""to_station"": ""Pitam Pura"", ""real_data"": true}"
metro_36,1,metro_33,metro_34,0,775.5827074052269,metro,16.67,46.52565731285104,metro_segment,"{""line"": ""Red"", ""frequency_min"": 5, ""from_station"": ""Pitam Pura"", ""to_station"": ""Rohini East"", ""real_data"": true}"
metro_37,1,metro_34,metro_33,0,775.5827074052269,metro,16.67,46.52565731285104,metro_segment,"{""line"": ""Red"", ""frequency_min"": 5, ""from_station"": ""Pitam Pura"", ""to_station"": ""Rohini East"", ""real_data"": true}"
metro_38,1,metro_34,metro_66,0,1320.7597402540944,metro,16.67,79.22973846755214,metro_segment,"{""line"": ""Red"", ""frequency_min"": 5, ""from_station"": ""Rohini East"", ""to_station"": ""Rohini West"", ""real_data"": true}"
metro_39,1,metro_66,metro_34,0,1320.7597402540944,metro,16.67,79.22973846755214,metro_segment,"{""line"": ""Red"", ""frequency_min"": 5, ""from_station"": ""Rohini East"", ""to_station"": ""Rohini West"", ""real_data"": true}"
metro_40,1,metro_66,metro_3,0,1031.0541539892802,metro,16.67,61.85087906354409,metro_segment,"{""line"": ""Red"", ""frequency_min"": 5, ""from_station"": ""Rohini West"", ""to_station"": ""Rithala"", ""real_data"": true}"
metro_41,1,metro_3,metro_66,0,1031.0541539892802,metro,16.67,61.85087906354409,metro_segment,"{""line"": ""Red"", ""frequency_min"": 5, ""from_station"": ""Rohini West"", ""to_station"": ""Rithala"", ""real_data"": true}"
metro_42,1,metro_55,metro_236,0,1810.3659401376938,metro,16.67,108.60023636098941,metro_segment,"{""line"": ""Violet"", ""frequency_min"": 5, ""from_station"": ""Tughlakabad"", ""to_station"": ""Mohan Estate"", ""real_data"": true}"
metro_43,1,metro_236,metro_55,0,1810.3659401376938,metro,16.67,108.60023636098941,metro_segment,"{""line"": ""Violet"", ""frequency_min"": 5, ""from_station"": ""Tughlakabad"", ""to_station"": ""Mohan Estate"", ""real_data"": true}"
metro_44,1,metro_236,metro_220,0,4060.46799040068,metro,16.67,243.5793635513305,metro_segment,"{""line"": ""Violet"", ""frequency_min"": 5, ""from_station"": ""Mohan Estate"", ""to_station"": ""Govind Puri"", ""real_data"": true}"
metro_45,1,metro_220,metro_236,0,4060.46799040068,metro,16.67,243.5793635513305,metro_segment,"{""line"": ""Violet"", ""frequency_min"": 5, ""from_station"": ""Mohan Estate"", ""to_station"": ""Govind Puri"", ""real_data"": true}"
metro_46,1,metro_220,metro_206,0,1443.0420681646913,metro,16.67,86.56521104767194,metro_segment,"{""line"": ""Violet"", ""frequency_min"": 5, ""from_station"": ""Govind Puri"", ""to_station"": ""Nehru Place"", ""real_data"": true}"
metro_47,1,metro_206,metro_220,0,1443.0420681646913,metro,16.67,86.56521104767194,metro_segment,"{""line"": ""Violet"", ""frequency_min"": 5, ""from_station"": ""Govind Puri"", ""to_station"": ""Nehru Place"", ""real_data"": true}"
metro_48,1,metro_206,metro_207,0,1049.1795563038281,metro,16.67,62.93818574108146,metro_segment,"{""line"": ""Violet"", ""frequency_min"": 5, ""from_station"": ""Nehru Place"", ""to_station"": ""Kailash Colony"", ""real_data"": true}"
metro_49,1,metro_207,metro_206,0,1049.1795563038281,metro,16.67,62.93818574108146,metro_segment,"{""line"": ""Violet"", ""frequency_min"": 5, ""from_station"": ""Nehru Place"", ""to_station"": ""Kailash Colony"", ""real_data"": true}"
metro_50,1,metro_207,metro_37,0,2356.276167200529,metro,16.67,141.34830037195732,metro_segment,"{""line"": ""Violet"", ""frequency_min"": 5, ""from_station"": ""Kailash Colony"", ""to_station"": ""Okhla"", ""real_data"": true}"
metro_51,1,metro_37,metro_207,0,2356.276167200529,metro,16.67,141.34830037195732,metro_segment,"{""line"": ""Violet"", ""frequency_min"": 5, ""from_station"": ""Kailash Colony"", ""to_station"": ""Okhla"", ""real_data"": true}"
metro_52,1,metro_37,metro_215,0,3112.0948515324344,metro,16.67,186.68835342126178,metro_segment,"{""line"": ""Violet"", ""frequency_min"": 5, ""from_station"": ""Okhla"", ""to_station"": ""Moolchand"", ""real_data"": true}"
metro_53,1,metro_215,metro_37,0,3112.0948515324344,metro,16.67,186.68835342126178,metro_segment,"{""line"": ""Violet"", ""frequency_min"": 5, ""from_station"": ""Okhla"", ""to_station"": ""Moolchand"", ""real_data"": true}"
metro_54,1,metro_215,metro_216,0,2130.1210036313823,metro,16.67,127.7817038771075,metro_segment,"{""line"": ""Violet"", ""frequency_min"": 5, ""from_station"": ""Moolchand"", ""to_station"": ""Jangpura"", ""real_data"": true}"
metro_55,1,metro_216,metro_215,0,2130.1210036313823,metro,16.67,127.7817038771075,metro_segment,"{""line"": ""Violet"", ""frequency_min"": 5, ""from_station"": ""Moolchand"", ""to_station"": ""Jangpura"", ""real_data"": true}"
metro_56,1,metro_216,metro_217,0,790.9286869876122,metro,16.67,47.44623197286216,metro_segment,"{""line"": ""Violet"", ""frequency_min"": 5, ""from_station"": ""Jangpura"", ""to_station"": ""Jawaharlal Nehru Stadium"", ""real_data"": true}"
metro_57,1,metro_217,metro_216,0,790.9286869876122,metro,16.67,47.44623197286216,metro_segment,"{""line"": ""Violet"", ""frequency_min"": 5, ""from_station"": ""Jangpura"", ""to_station"": ""Jawaharlal Nehru Stadium"", ""real_data"": true}"
metro_58,1,metro_217,metro_209,0,1622.775206777271,metro,16.67,97.34704299803664,metro_segment,"{""line"": ""Violet"", ""frequency_min"": 5, ""from_station"": ""Jawaharlal Nehru Stadium"", ""to_station"": ""Khan Market"", ""real_data"": true}"
metro_59,1,metro_209,metro_217,0,1622.775206777271,metro,16.67,97.34704299803664,metro_segment,"{""line"": ""Violet"", ""frequency_min"": 5, ""from_station"": ""Jawaharlal Nehru Stadium"", ""to_station"": ""Khan Market"", ""real_data"": true}"
metro_60,1,metro_209,metro_100,0,2236.7222699325757,metro,16.67,134.17650089577538,metro_segment,"{""line"": ""Violet"", ""frequency_min"": 5, ""from_station"": ""Khan Market"", ""to_station"": ""Central Secretariat"", ""real_data"": true}"
metro_61,1,metro_100,metro_209,0,2236.7222699325757,metro,16.67,134.17650089577538,metro_segment,"{""line"": ""Violet"", ""frequency_min"": 5, ""from_station"": ""Khan Market"", ""to_station"": ""Central Secretariat"", ""real_data"": true}"
metro_62,1,metro_100,metro_218,0,1135.270262991635,metro,16.67,68.10259526044601,metro_segment,"{""line"": ""Violet"", ""frequency_min"": 5, ""from_station"": ""Central Secretariat"", ""to_station"": ""Janpath"", ""real_data"": true}"
metro_63,1,metro_218,metro_100,0,1135.270262991635,metro,16.67,68.10259526044601,metro_segment,"{""line"": ""Violet"", ""frequency_min"": 5, ""from_station"": ""Central Secretariat"", ""to_station"": ""Janpath"", ""real_data"": true}"
metro_64,1,metro_218,metro_168,0,1468.332668279803,metro,16.67,88.08234362806256,metro_segment,"{""line"": ""Violet"", ""frequency_min"": 5, ""from_station"": ""Janpath"", ""to_station"": ""Mandi House"", ""real_data"": true}"
metro_65,1,metro_168,metro_218,0,1468.332668279803,metro,16.67,88.08234362806256,metro_segment,"{""line"": ""Violet"", ""frequency_min"": 5, ""from_station"": ""Janpath"", ""to_station"": ""Mandi House"", ""real_data"": true}"
metro_66,1,metro_168,metro_219,0,727.2094420377439,metro,16.67,43.623841753913844,metro_segment,"{""line"": ""Violet"", ""frequency_min"": 5, ""from_station"": ""Mandi House"", ""to_station"": ""ITO"", ""real_data"": true}"
metro_67,1,metro_219,metro_168,0,727.2094420377439,metro,16.67,43.623841753913844,metro_segment,"{""line"": ""Violet"", ""frequency_min"": 5, ""from_station"": ""Mandi House"", ""to_station"": ""ITO"", ""real_data"": true}"
metro_68,1,metro_219,metro_228,0,2448.353304864476,metro,16.67,146.8718239270831,metro_segment,"{""line"": ""Violet"", ""frequency_min"": 5, ""from_station"": ""ITO"", ""to_station"": ""Jama Masjid"", ""real_data"": true}"
metro_69,1,metro_228,metro_219,0,2448.353304864476,metro,16.67,146.8718239270831,metro_segment,"{""line"": ""Violet"", ""frequency_min"": 5, ""from_station"": ""ITO"", ""to_station"": ""Jama Masjid"", ""real_data"": true}"
metro_70,1,metro_228,metro_208,0,836.8235278722312,metro,16.67,50.19937179797427,metro_segment,"{""line"": ""Violet"", ""frequency_min"": 5, ""from_station"": ""Jama Masjid"", ""to_station"": ""Lal Quila"", ""real_data"": true}"
metro_71,1,metro_208,metro_228,0,836.8235278722312,metro,16.67,50.19937179797427,metro_segment,"{""line"": ""Violet"", ""frequency_min"": 5, ""from_station"": ""Jama Masjid"", ""to_station"": ""Lal Quila"", ""real_data"": true}"
metro_72,1,metro_208,metro_6,0,1379.0319667275176,metro,16.67,82.72537292906523,metro_segment,"{""line"": ""Violet"", ""frequency_min"": 5, ""from_station"": ""Lal Quila"", ""to_station"": ""Kashmere Gate"", ""real_data"": true}"
metro_73,1,metro_6,metro_208,0,1379.0319667275176,metro,16.67,82.72537292906523,metro_segment,"{""line"": ""Violet"", ""frequency_min"": 5, ""from_station"": ""Lal Quila"", ""to_station"": ""Kashmere Gate"", ""real_data"": true}"
metro_74,1,metro_60,metro_159,0,556.3971097306666,metro,16.67,33.37715115360927,metro_segment,"{""line"": ""Blue"", ""frequency_min"": 3, ""from_station"": ""Pragati Maidan"", ""to_station"": ""Indraprastha"", ""real_data"": true}"
metro_75,1,metro_159,metro_60,0,556.3971097306666,metro,16.67,33.37715115360927,metro_segment,"{""line"": ""Blue"", ""frequency_min"": 3, ""from_station"": ""Pragati Maidan"", ""to_station"": ""Indraprastha"", ""real_data"": true}"
metro_76,1,metro_159,metro_160,0,1827.0483608327659,metro,16.67,109.6009814536752,metro_segment,"{""line"": ""Blue"", ""frequency_min"": 3, ""from_station"": ""Indraprastha"", ""to_station"": ""Yamuna Bank"", ""real_data"": true}"
metro_77,1,metro_160,metro_159,0,1827.0483608327659,metro,16.67,109.6009814536752,metro_segment,"{""line"": ""Blue"", ""frequency_min"": 3, ""from_station"": ""Indraprastha"", ""to_station"": ""Yamuna Bank"", ""real_data"": true}"
metro_78,1,metro_160,metro_166,0,4866.665545691172,metro,16.67,291.9415444325838,metro_segment,"{""line"": ""Blue"", ""frequency_min"": 3, ""from_station"": ""Yamuna Bank"", ""to_station"": ""Rajiv Chowk"", ""real_data"": true}"
metro_79,1,metro_166,metro_160,0,4866.665545691172,metro,16.67,291.9415444325838,metro_segment,"{""line"": ""Blue"", ""frequency_min"": 3, ""from_station"": ""Yamuna Bank"", ""to_station"": ""Rajiv Chowk"", ""real_data"": true}"
metro_80,1,metro_166,metro_165,0,1275.0475523252487,metro,16.67,76.48755562838923,metro_segment,"{""line"": ""Blue"", ""frequency_min"": 3, ""from_station"": ""Rajiv Chowk"", ""to_station"": ""Ramakrishna Ashram Marg"", ""real_data"": true}"
metro_81,1,metro_165,metro_166,0,1275.0475523252487,metro,16.67,76.48755562838923,metro_segment,"{""line"": ""Blue"", ""frequency_min"": 3, ""from_station"": ""Rajiv Chowk"", ""to_station"": ""Ramakrishna Ashram Marg"", ""real_data"": true}"
metro_82,1,metro_165,metro_104,0,2979.281836130976,metro,16.67,178.7211659346716,metro_segment,"{""line"": ""Blue"", ""frequency_min"": 3, ""from_station"": ""Ramakrishna Ashram Marg"", ""to_station"": ""Rajendra Place"", ""real_data"": true}"
metro_83,1,metro_104,metro_165,0,2979.281836130976,metro,16.67,178.7211659346716,metro_segment,"{""line"": ""Blue"", ""frequency_min"": 3, ""from_station"": ""Ramakrishna Ashram Marg"", ""to_station"": ""Rajendra Place"", ""real_data"": true}"
metro_84,1,metro_104,metro_11,0,1014.1829683235767,metro,16.67,60.83881033734713,metro_segment,"{""line"": ""Blue"", ""frequency_min"": 3, ""from_station"": ""Rajendra Place"", ""to_station"": ""Karol Bagh"", ""real_data"": true}"
metro_85,1,metro_11,metro_104,0,1014.1829683235767,metro,16.67,60.83881033734713,metro_segment,"{""line"": ""Blue"", ""frequency_min"": 3, ""from_station"": ""Rajendra Place"", ""to_station"": ""Karol Bagh"", ""real_data"": true}"
metro_86,1,metro_17,metro_18,0,1967.955987266962,metro,16.67,118.05374848632044,metro_segment,"{""line"": ""Airport Express"", ""frequency_min"": 15, ""from_station"": ""Shivaji Stadium"", ""to_station"": ""New Delhi"", ""real_data"": true}"
metro_87,1,metro_18,metro_17,0,1967.955987266962,metro,16.67,118.05374848632044,metro_segment,"{""line"": ""Airport Express"", ""frequency_min"": 15, ""from_station"": ""Shivaji Stadium"", ""to_station"": ""New Delhi"", ""real_data"": true}"
metro_88,1,metro_235,metro_238,0,1169.306680483548,metro,16.67,70.14437195462195,metro_segment,"{""line"": ""Magenta"", ""frequency_min"": 6, ""from_station"": ""Sarita Vihar"", ""to_station"": ""Jasola Apollo"", ""real_data"": true}"
metro_89,1,metro_238,metro_235,0,1169.306680483548,metro,16.67,70.14437195462195,metro_segment,"{""line"": ""Magenta"", ""frequency_min"": 6, ""from_station"": ""Sarita Vihar"", ""to_station"": ""Jasola Apollo"", ""real_data"": true}"
metro_90,1,metro_90,metro_76,0,803.5547424921211,metro,16.67,48.20364382076311,metro_segment,"{""line"": ""Magenta"", ""frequency_min"": 6, ""from_station"": ""Chirag Delhi"", ""to_station"": ""Greater Kailash"", ""real_data"": true}"
metro_91,1,metro_76,metro_90,0,803.5547424921211,metro,16.67,48.20364382076311,metro_segment,"{""line"": ""Magenta"", ""frequency_min"": 6, ""from_station"": ""Chirag Delhi"", ""to_station"": ""Greater Kailash"", ""real_data"": true}"
metro_92,1,metro_76,metro_79,0,1700.5295416778613,metro,16.67,102.01137022662634,metro_segment,"{""line"": ""Magenta"", ""frequency_min"": 6, ""from_station"": ""Greater Kailash"", ""to_station"": ""Panchsheel Park"", ""real_data"": true}"
metro_93,1,metro_79,metro_76,0,1700.5295416778613,metro,16.67,102.01137022662634,metro_segment,"{""line"": ""Magenta"", ""frequency_min"": 6, ""from_station"": ""Greater Kailash"", ""to_station"": ""Panchsheel Park"", ""real_data"": true}"
metro_94,1,metro_77,metro_81,0,1353.3676205523238,metro,16.67,81.1858200691256,metro_segment,"{""line"": ""Magenta"", ""frequency_min"": 6, ""from_station"": ""Kalindi Kunj"", ""to_station"": ""Jasola Vihar Shaheen Bagh"", ""real_data"": true}"
metro_95,1,metro_81,metro_77,0,1353.3676205523238,metro,16.67,81.1858200691256,metro_segment,"{""line"": ""Magenta"", ""frequency_min"": 6, ""from_station"": ""Kalindi Kunj"", ""to_station"": ""Jasola Vihar Shaheen Bagh"", ""real_data"": true}"
metro_96,1,metro_81,metro_105,0,4410.415454515623,metro,16.67,264.5720128683637,metro_segment,"{""line"": ""Magenta"", ""frequency_min"": 6, ""from_station"": ""Jasola Vihar Shaheen Bagh"", ""to_station"": ""Nehru Enclave"", ""real_data"": true}"
metro_97,1,metro_105,metro_81,0,4410.415454515623,metro,16.67,264.5720128683637,metro_segment,"{""line"": ""Magenta"", ""frequency_min"": 6, ""from_station"": ""Jasola Vihar Shaheen Bagh"", ""to_station"": ""Nehru Enclave"", ""real_data"": true}"
metro_98,1,metro_46,metro_231,0,793.5063577995475,metro,16.67,47.6008612957137,metro_segment,"{""line"": ""Magenta"", ""frequency_min"": 6, ""from_station"": ""Kalkaji Mandir"", ""to_station"": ""Okhla NSIC"", ""real_data"": true}"
metro_99,1,metro_231,metro_46,0,793.5063577995475,metro,16.67,47.6008612957137,metro_segment,"{""line"": ""Magenta"", ""frequency_min"": 6, ""from_station"": ""Kalkaji Mandir"", ""to_station"": ""Okhla NSIC"", ""real_data"": true}"
metro_100,1,metro_69,metro_71,0,1365.6336239387979,metro,16.67,81.92163310970592,metro_segment,"{""line"": ""Magenta"", ""frequency_min"": 6, ""from_station"": ""Munirka"", ""to_station"": ""Vasant Vihar"", ""real_data"": true}"
metro_101,1,metro_71,metro_69,0,1365.6336239387979,metro,16.67,81.92163310970592,metro_segment,"{""line"": ""Magenta"", ""frequency_min"": 6, ""from_station"": ""Munirka"", ""to_station"": ""Vasant Vihar"", ""real_data"": true}"
metro_102,1,metro_78,metro_88,0,579.680010119695,metro,16.67,34.7738458380141,metro_segment,"{""line"": ""Magenta"", ""frequency_min"": 6, ""from_station"": ""Okhla Vihar"", ""to_station"": ""Jamia Millia Islamia"", ""real_data"": true}"
metro_103,1,metro_88,metro_78,0,579.680010119695,metro,16.67,34.7738458380141,metro_segment,"{""line"": ""Magenta"", ""frequency_min"": 6, ""from_station"": ""Okhla Vihar"", ""to_station"": ""Jamia Millia Islamia"", ""real_data"": true}"
metro_104,1,metro_82,metro_73,0,1769.7035995068586,metro,16.67,106.16098377365678,metro_segment,"{""line"": ""Magenta"", ""frequency_min"": 6, ""from_station"": ""Terminal 1 IGI Airport"", ""to_station"": ""Sadar Bazar Cantonment"", ""real_data"": true}"
metro_105,1,metro_73,metro_82,0,1769.7035995068586,metro,16.67,106.16098377365678,metro_segment,"{""line"": ""Magenta"", ""frequency_min"": 6, ""from_station"": ""Terminal 1 IGI Airport"", ""to_station"": ""Sadar Bazar Cantonment"", ""real_data"": true}"
metro_106,1,metro_73,metro_49,0,2039.0824049563726,metro,16.67,122.32048020134208,metro_segment,"{""line"": ""Magenta"", ""frequency_min"": 6, ""from_station"": ""Sadar Bazar Cantonment"", ""to_station"": ""Palam"", ""real_data"": true}"
metro_107,1,metro_49,metro_73,0,2039.0824049563726,metro,16.67,122.32048020134208,metro_segment,"{""line"": ""Magenta"", ""frequency_min"": 6, ""from_station"": ""Sadar Bazar Cantonment"", ""to_station"": ""Palam"", ""real_data"": true}"
metro_108,1,metro_49,metro_74,0,2082.453418808202,metro,16.67,124.92222068435524,metro_segment,"{""line"": ""Magenta"", ""frequency_min"": 6, ""from_station"": ""Palam"", ""to_station"": ""Dashrath Puri"", ""real_data"": true}"
metro_109,1,metro_74,metro_49,0,2082.453418808202,metro,16.67,124.92222068435524,metro_segment,"{""line"": ""Magenta"", ""frequency_min"": 6, ""from_station"": ""Palam"", ""to_station"": ""Dashrath Puri"", ""real_data"": true}"
metro_110,1,metro_74,metro_75,0,3043.875251983362,metro,16.67,182.59599591981774,metro_segment,"{""line"": ""Magenta"", ""frequency_min"": 6, ""from_station"": ""Dashrath Puri"", ""to_station"": ""Janakpuri West"", ""real_data"": true}"
metro_111,1,metro_75,metro_74,0,3043.875251983362,metro,16.67,182.59599591981774,metro_segment,"{""line"": ""Magenta"", ""frequency_min"": 6, ""from_station"": ""Dashrath Puri"", ""to_station"": ""Janakpuri West"", ""real_data"": true}"
metro_112,1,metro_144,metro_145,0,907.6092291394311,metro,16.67,54.44566461544277,metro_segment,"{""line"": ""Green"", ""frequency_min"": 6, ""from_station"": ""Ashok Park Main"", ""to_station"": ""Punjabi Bagh"", ""real_data"": true}"
metro_113,1,metro_145,metro_144,0,907.6092291394311,metro,16.67,54.44566461544277,metro_segment,"{""line"": ""Green"", ""frequency_min"": 6, ""from_station"": ""Ashok Park Main"", ""to_station"": ""Punjabi Bagh"", ""real_data"": true}"
metro_114,1,metro_145,metro_146,0,1543.6581727520656,metro,16.67,92.60097017108971,metro_segment,"{""line"": ""Green"", ""frequency_min"": 6, ""from_station"": ""Punjabi Bagh"", ""to_station"": ""Shivaji Park"", ""real_data"": true}"
metro_115,1,metro_146,metro_145,0,1543.6581727520656,metro,16.67,92.60097017108971,metro_segment,"{""line"": ""Green"", ""frequency_min"": 6, ""from_station"": ""Punjabi Bagh"", ""to_station"": ""Shivaji Park"", ""real_data"": true}"
metro_116,1,metro_146,metro_147,0,1095.8985349738525,metro,16.67,65.74076394564202,metro_segment,"{""line"": ""Green"", ""frequency_min"": 6, ""from_station"": ""Shivaji Park"", ""to_station"": ""Madipur"", ""real_data"": true}"
metro_117,1,metro_147,metro_146,0,1095.8985349738525,metro,16.67,65.74076394564202,metro_segment,"{""line"": ""Green"", ""frequency_min"": 6, ""from_station"": ""Shivaji Park"", ""to_station"": ""Madipur"", ""real_data"": true}"
metro_118,1,metro_147,metro_148,0,697.3767173310457,metro,16.67,41.83423619262421,metro_segment,"{""line"": ""Green"", ""frequency_min"": 6, ""from_station"": ""Madipur"", ""to_station"": ""Paschim Vihar East"", ""real_data"": true}"
metro_119,1,metro_148,metro_147,0,697.3767173310457,metro,16.67,41.83423619262421,metro_segment,"{""line"": ""Green"", ""frequency_min"": 6, ""from_station"": ""Madipur"", ""to_station"": ""Paschim Vihar East"", ""real_data"": true}"
metro_120,1,metro_148,metro_211,0,991.9653981381517,metro,16.67,59.50602268375235,metro_segment,"{""line"": ""Green"", ""frequency_min"": 6, ""from_station"": ""Paschim Vihar East"", ""to_station"": ""Paschim Vihar West"", ""real_data"": true}"
metro_121,1,metro_211,metro_148,0,991.9653981381517,metro,16.67,59.50602268375235,metro_segment,"{""line"": ""Green"", ""frequency_min"": 6, ""from_station"": ""Paschim Vihar East"", ""to_station"": ""Paschim Vihar West"", ""real_data"": true}"
metro_122,1,metro_211,metro_149,0,939.7131783739898,metro,16.67,56.371516399159546,metro_segment,"{""line"": ""Green"", ""frequency_min"": 6, ""from_station"": ""Paschim Vihar West"", ""to_station"": ""Peera Garhi"", ""real_data"": true}"
metro_123,1,metro_149,metro_211,0,939.7131783739898,metro,16.67,56.371516399159546,metro_segment,"{""line"": ""Green"", ""frequency_min"": 6, ""from_station"": ""Paschim Vihar West"", ""to_station"": ""Peera Garhi"", ""real_data"": true}"
metro_124,1,metro_149,metro_150,0,1163.012020802544,metro,16.67,69.76676789457372,metro_segment,"{""line"": ""Green"", ""frequency_min"": 6, ""from_station"": ""Peera Garhi"", ""to_station"": ""Udyog Nagar"", ""real_data"": true}"
metro_125,1,metro_150,metro_149,0,1163.012020802544,metro,16.67,69.76676789457372,metro_segment,"{""line"": ""Green"", ""frequency_min"": 6, ""from_station"": ""Peera Garhi"", ""to_station"": ""Udyog Nagar"", ""real_data"": true}"
metro_126,1,metro_150,metro_152,0,2403.14771674138,metro,16.67,144.16003099828313,metro_segment,"{""line"": ""Green"", ""frequency_min"": 6, ""from_station"": ""Udyog Nagar"", ""to_station"": ""Nangloi Railway Station"", ""real_data"": true}"
metro_127,1,metro_152,metro_150,0,2403.14771674138,metro,16.67,144.16003099828313,metro_segment,"{""line"": ""Green"", ""frequency_min"": 6, ""from_station"": ""Udyog Nagar"", ""to_station"": ""Nangloi Railway Station"", ""real_data"": true}"
metro_128,1,metro_152,metro_153,0,1200.1873334956206,metro,16.67,71.99684064160891,metro_segment,"{""line"": ""Green"", ""frequency_min"": 6, ""from_station"": ""Nangloi Railway Station"", ""to_station"": ""Rajdhani Park"", ""real_data"": true}"
metro_129,1,metro_153,metro_152,0,1200.1873334956206,metro,16.67,71.99684064160891,metro_segment,"{""line"": ""Green"", ""frequency_min"": 6, ""from_station"": ""Nangloi Railway Station"", ""to_station"": ""Rajdhani Park"", ""real_data"": true}"
metro_130,1,metro_153,metro_154,0,1304.2876544493083,metro,16.67,78.24161094476953,metro_segment,"{""line"": ""Green"", ""frequency_min"": 6, ""from_station"": ""Rajdhani Park"", ""to_station"": ""Mundka"", ""real_data"": true}"
metro_131,1,metro_154,metro_153,0,1304.2876544493083,metro,16.67,78.24161094476953,metro_segment,"{""line"": ""Green"", ""frequency_min"": 6, ""from_station"": ""Rajdhani Park"", ""to_station"": ""Mundka"", ""real_data"": true}"
metro_132,1,metro_154,metro_155,0,1313.798087103219,metro,16.67,78.8121228016328,metro_segment,"{""line"": ""Green"", ""frequency_min"": 6, ""from_station"": ""Mundka"", ""to_station"": ""Mundka Industrial Area"", ""real_data"": true}"
metro_133,1,metro_155,metro_154,0,1313.798087103219,metro,16.67,78.8121228016328,metro_segment,"{""line"": ""Green"", ""frequency_min"": 6, ""from_station"": ""Mundka"", ""to_station"": ""Mundka Industrial Area"", ""real_data"": true}"
metro_134,1,metro_155,metro_102,0,3935.977397558011,metro,16.67,236.1114215691668,metro_segment,"{""line"": ""Green"", ""frequency_min"": 6, ""from_station"": ""Mundka Industrial Area"", ""to_station"": ""Nangloi"", ""real_data"": true}"
metro_135,1,metro_102,metro_155,0,3935.977397558011,metro,16.67,236.1114215691668,metro_segment,"{""line"": ""Green"", ""frequency_min"": 6, ""from_station"": ""Mundka Industrial Area"", ""to_station"": ""Nangloi"", ""real_data"": true}"
metro_136,1,metro_203,metro_195,0,1332.4643198270116,metro,16.67,79.93187281505767,metro_segment,"{""line"": ""Yellow"", ""frequency_min"": 4, ""from_station"": ""Ghitorni"", ""to_station"": ""Sultanpur"", ""real_data"": true}"
metro_137,1,metro_195,metro_203,0,1332.4643198270116,metro,16.67,79.93187281505767,metro_segment,"{""line"": ""Yellow"", ""frequency_min"": 4, ""from_station"": ""Ghitorni"", ""to_station"": ""Sultanpur"", ""real_data"": true}"
metro_138,1,metro_195,metro_202,0,2892.9657503213134,metro,16.67,173.54323637200437,metro_segment,"{""line"": ""Yellow"", ""frequency_min"": 4, ""from_station"": ""Sultanpur"", ""to_station"": ""Qutab Minar"", ""real_data"": true}"
metro_139,1,metro_202,metro_195,0,2892.9657503213134,metro,16.67,173.54323637200437,metro_segment,"{""line"": ""Yellow"", ""frequency_min"": 4, ""from_station"": ""Sultanpur"", ""to_station"": ""Qutab Minar"", ""real_data"": true}"
metro_140,1,metro_202,metro_114,0,1791.3759146342031,metro,16.67,107.46106266551907,metro_segment,"{""line"": ""Yellow"", ""frequency_min"": 4, ""from_station"": ""Qutab Minar"", ""to_station"": ""Saket"", ""real_data"": true}"
metro_141,1,metro_114,metro_202,0,1791.3759146342031,metro,16.67,107.46106266551907,metro_segment,"{""line"": ""Yellow"", ""frequency_min"": 4, ""from_station"": ""Qutab Minar"", ""to_station"": ""Saket"", ""real_data"": true}"
metro_142,1,metro_114,metro_193,0,914.1824838459157,metro,16.67,54.83998103454803,metro_segment,"{""line"": ""Yellow"", ""frequency_min"": 4, ""from_station"": ""Saket"", ""to_station"": ""Malviya Nagar"", ""real_data"": true}"
metro_143,1,metro_193,metro_114,0,914.1824838459157,metro,16.67,54.83998103454803,metro_segment,"{""line"": ""Yellow"", ""frequency_min"": 4, ""from_station"": ""Saket"", ""to_station"": ""Malviya Nagar"", ""real_data"": true}"
metro_144,1,metro_201,metro_198,0,4056.4904137096228,metro,16.67,243.3407566712431,metro_segment,"{""line"": ""Yellow"", ""frequency_min"": 4, ""from_station"": ""Jor Bagh"", ""to_station"": ""Patel Chowk"", ""real_data"": true}"
metro_145,1,metro_198,metro_201,0,4056.4904137096228,metro,16.67,243.3407566712431,metro_segment,"{""line"": ""Yellow"", ""frequency_min"": 4, ""from_station"": ""Jor Bagh"", ""to_station"": ""Patel Chowk"", ""real_data"": true}"
metro_146,1,metro_198,metro_196,0,4251.606006812507,metro,16.67,255.0453513384827,metro_segment,"{""line"": ""Yellow"", ""frequency_min"": 4, ""from_station"": ""Patel Chowk"", ""to_station"": ""Chandni Chowk"", ""real_data"": true}"
metro_147,1,metro_196,metro_198,0,4251.606006812507,metro,16.67,255.0453513384827,metro_segment,"{""line"": ""Yellow"", ""frequency_min"": 4, ""from_station"": ""Patel Chowk"", ""to_station"": ""Chandni Chowk"", ""real_data"": true}"
